timestamp,model,prompt,response
2026-05-23 11:55:19.303203,OSS Assistant,When was Taj mahal built,"The Taj Mahal, also known as the Red Fort, is a magnificent mausoleum located in Agra, India. Construction began in 1632 and was completed in 1653 under the leadership of Mughal Emperor Shah Jahan. The construction took over two years, during which time thousands of workers were employed to build the monument.

The Taj Mahal is considered one of the most beautiful examples of Mughal architecture and is renowned worldwide for its intricate design, stunning beauty, and historical significance. It stands at a height of approximately 72 meters (238 feet) and features intricate carvings, calligraphy, and floral patterns that adorn its exterior walls. The interior of the maus"
2026-05-23 12:03:31.239722,OSS Assistant,What is Python?,"Python is a high-level, interpreted programming language developed by Guido van Rossum. It was first released in 1991 and has since become one of the most popular languages for web development, data science, artificial intelligence, machine learning, automation, and more. Python's syntax is similar to that of other languages but with some unique features such as its simplicity, readability, and ease of use. It supports various programming paradigms including procedural, object-oriented, and functional programming. Python is known for its extensive standard library, which makes it easy to work with common tasks like file handling, database operations, and network communication. Additionally, Python has gained popularity due to its versatility, community support, and wide range of libraries and frameworks available"
2026-05-23 12:06:46.565164,OSS Assistant,Where is India?,"India is located in South Asia, between the Arabian Sea and the Bay of Bengal. It is bordered by Pakistan to the west, China to the east, Nepal to the northeast, Bhutan to the north, and Bangladesh to the south. The country covers an area of approximately 3.2 million square kilometers (1.2 million square miles), making it the second-largest country in the world by total land area after Russia."
2026-05-23 12:07:58.210131,Frontier Assistant,where is India?,"India is located in **South Asia**.

It shares land borders with Pakistan to the west; China, Nepal, and Bhutan to the north; and Bangladesh and Myanmar to the east. It's also bordered by the Arabian Sea to the southwest, the Bay of Bengal to the southeast, and the Indian Ocean to the south."
2026-05-23 12:40:59.573351,OSS Assistant,Where is Kolkata,"Kolkata, also known as Calcutta or Kandy, is the capital city of West Bengal, India. It is located in the eastern part of the state of West Bengal, on the banks of the River Ghaghara. Kolkata is one of the largest cities in India by population and has a rich cultural heritage. The city is famous for its historical landmarks such as the Red Fort, the Salt Production Complex, and the Fort William Bridge."
2026-05-23 12:41:30.955726,Frontier Assistant,Where is Kolkata?,"Kolkata is located in the **eastern part of India**.

It is the capital city of the Indian state of **West Bengal**, situated on the east bank of the Hooghly River."
2026-05-23 12:50:48.157359,OSS Assistant,Where is West Bengal situated?,"West Bengal, also known as the Eastern Province of India, is situated in the northeastern region of the country. It is bordered by the Indian states of Jharkhand, Bihar, Andhra Pradesh, and Assam to the west; Odisha to the north; and Bangladesh to the east. The province covers an area of approximately 137,000 square kilometers (52,498 square miles) and has a population of about 6 million people."
2026-05-23 12:51:31.240974,Frontier Assistant,Where is west Bengal?,"West Bengal is a state located in **eastern India**.

Here's a more detailed breakdown of its location:

*   **Country:** India
*   **Region:** Eastern India
*   **Borders:**
    *   **East:** Bangladesh (an international border)
    *   **North:** Sikkim (an Indian state) and the countries of Bhutan and Nepal.
    *   **West:** The Indian states of Bihar and Jharkhand.
    *   **South:** The Indian state of Odisha and the Bay of Bengal.

Geographically, it's quite diverse, stretching from the Himalayas in the north to the Bay of Bengal in the south. Its capital city is **Kolkata**."
2026-05-23 12:55:34.302552,OSS Assistant,Hi my name is Anwesha,"Hello! Nice to meet you, Anwesha. How can I assist you today?"
2026-05-23 12:55:42.835525,OSS Assistant,What is my name?,Your name is Anwesha.
2026-05-23 12:56:01.402468,Frontier Assistant,Hi my name is Anwesha,"Hi Anwesha! It's nice to meet you.

How can I help you today?"
2026-05-23 12:56:27.222188,Frontier Assistant,What is my name?,Your name is Anwesha.
